"LAB_ACCESSION_ID","GISAID_ID","SPECIMEN_COLLECTION_DATE","SUBMITTING_LAB","SEQUENCE_REASON","SEQUENCE_STATUS","PANGO_LINEAGE","FIRST_NAME.x","LAST_NAME.x","MIDDLE_NAME","DOB.x","ALTERNATIVE_ID","CASE_ID","FIRST_NAME.y","LAST_NAME.y","DOB.y","seq_reason_valid","seq_status_valid","lineage_valid"
"G5230981","hCoV-19/USA/WA-CDC-GS-1133557799/2022","2/2/2022","GenSeq Laboratory","OUTBREAK","COMPLETE","BQ.1.1","Charlie","Smith",NA,"4",NA,8091254,"CHARLIE","SMITH","10/11/1987",TRUE,TRUE,TRUE
"G0285062","hCoV-19/USA/WA-CDC-GS-1234058124/2022","2/4/2022","GenSeq Laboratory","OUTBREAK","COMPLETE","BQ.1.1","Mac","Macky",NA,"10/21/1983",NA,6568386,"MAC","MACKY","10/21/1983",TRUE,TRUE,TRUE
"G4028406","hCoV-19/USA/WA-CDC-GS-2388234289/2022","2/1/2022","GenSeq Laboratory","OUTBREAK","COMPLETE","BQ.1.1","Dennis ","Renfro",NA,"5/12/1986",NA,5743147,"DENNIS ","RENFRO","5/12/1986",TRUE,TRUE,TRUE
"G1186749","hCoV-19/USA/WA-CDC-GS-9058230851/2022","2/1/2022","GenSeq Laboratory","OUTBREAK","COMPLETE","BQ.1.1","Deandra","Renfro",NA,"3/9/1985",NA,9532526,"DEANDRA","RENFRO","3/9/1985",TRUE,TRUE,TRUE
"G1952355","hCoV-19/USA/WA-CDC-GS-0917500429/2022",NA,"GenSeq Laboratory","OUTBREAK","COMPLETE","BQ.1.1","Franklin","Renfro",NA,"11/15/1996",NA,8217984,"FRANKLIN","RENFRO","11/15/1996",TRUE,TRUE,TRUE
"N9936795","hCoV-19/USA/WA-NWS-04838120/2022","2/12/2022","NW Seq Labs","SENTINEL SURVEILLANCE","COMPLETE","BQ.1.1","hERBERT","Mickins",NA,"14611",NA,1670152,"HERBERT","MICKINS","1/1/1940",TRUE,TRUE,TRUE
"N0816832","hCoV-19/USA/WA-NWS-07320437/2022","1/16/2022","NW Seq Labs","SENTINEL SURVEILLANCE","COMPLETE","BA.5.2","Joseph","DO-LA",NA,"5/12/1985",NA,2257996,"JOSEPH","DOLA","5/12/1985",TRUE,TRUE,TRUE
"N0183050","hCoV-19/USA/WA-NWS-01834714/2022","4/27/2022","NW Seq Labs","CLINICAL","COMPLETE","BQ.1.23","Serena","Kim",NA,"9/12/1979",NA,NA,NA,NA,NA,TRUE,TRUE,TRUE
"N1429158","hCoV-19/USA/WA-NWS-06529855/2022",NA,"NW Seq Labs","SENTINEL SURVEILLANCE","COMPLETE","BQ.1.1","Cathy","Westin",NA,"11/7/1991",NA,2288904,"CATHY","WESTIN","11/7/1991",TRUE,TRUE,TRUE
"N2654081","hCoV-19/USA/WA-NWS-09386873/2022","3/17/2022","NW Seq Labs","SENTINEL SURVEILLANCE","COMPLETE","BQ.1.12","Thad","Smith",NA,"11/20/1988",NA,9392748,"THAD","SMITH","11/20/1988",TRUE,TRUE,TRUE
"N1865489","hCoV-19/USA/WA-NWS-09728531/2022","2/25/2022","NW Seq Labs","SENTINEL SURVEILLANCE","FAILED","BQ.1.14","Mich ael","Gonzalez",NA,"7/15/1999",NA,4076308,"MICHAEL","GONZALEZ","7/15/1999",TRUE,TRUE,TRUE
